Nodes,Execution_Time
3,0.000052
4,0.000044
5,0.000198
6,0.000018
7,0.000024
8,0.000054
9,0.000172
10,0.000619
11,0.002404
12,0.008606
13,0.031489
14,0.092769
15,0.400721
16,1.820810
17,8.511164
18,41.672707
19,244.621197
