Nodes,Execution_Time
4,0.000002
5,0.000003
6,0.000007
7,0.000018
8,0.000046
9,0.000120
10,0.000302
11,0.000732
12,0.001670
13,0.003894
14,0.010043
15,0.029670
16,0.068931
17,0.195708
18,0.633046
19,1.351132
