Nodes,Execution_Time
4,0.000002
5,0.000003
6,0.000007
7,0.000016
8,0.000042
9,0.000112
10,0.000271
11,0.000686
12,0.001743
13,0.004138
14,0.011296
15,0.031226
16,0.069861
17,0.201521
18,0.691088
19,1.449556
20,2.958913
21,6.727857
22,15.542114
23,32.558862
24,75.045271
25,187.597916
