Nodes,Execution_Time
4,0.000002
5,0.000003
6,0.000006
7,0.000017
8,0.000043
9,0.000109
10,0.000301
11,0.000726
12,0.001763
13,0.004094
14,0.011268
15,0.028870
16,0.068985
17,0.159043
18,0.430310
19,1.110321
20,2.911757
21,6.849332
22,15.752000
23,32.323584
24,77.404672
25,197.650227
