Nodes,Execution_Time
3,0.000004
4,0.000005
5,0.000007
6,0.000014
7,0.000034
8,0.000108
9,0.000377
10,0.001569
11,0.005524
12,0.016696
13,0.055953
14,0.266343
15,1.095573
16,5.894770
17,26.892775
18,82.153411
19,511.470190
