Nodes,Execution_Time
3,0.000002
4,0.000002
5,0.000002
6,0.000004
7,0.000009
8,0.000022
9,0.000073
10,0.000363
11,0.001090
12,0.005582
