Nodes,Execution_Time
4,0.000199
5,0.000051
6,0.000173
7,0.000079
8,0.000106
9,0.000242
10,0.000652
11,0.001436
12,0.003413
13,0.009456
14,0.027506
15,0.073007
16,0.197654
17,0.542971
18,1.492945
19,4.126839
20,8.893349
21,19.513021
22,54.848179
23,129.628736
